"case","fold","factive","embedding","n_ratings","lpd_factivity","lpd_environment","elpd_difference"
1,1,"no","conditional",9,-13.7864937964869,-13.8331304414958,-0.0466366450088511
18,1,"no","modal",9,-14.4282540338909,-14.1140429775241,0.31421105636672
20,1,"no","modal",8,-14.8068555064033,-14.6965495713802,0.110305935023131
21,1,"no","modal",8,-16.6598218748434,-15.8980138363412,0.761808038502215
22,1,"no","modal",8,-16.3700331732365,-15.5722310509664,0.797802122270138
33,1,"no","modal",9,-18.5518722555661,-18.4483597126098,0.103512542956274
38,1,"no","modal",9,-15.0327539168801,-14.9698565721888,0.0628973446912493
43,1,"no","modal",9,-19.8070091761632,-19.2841041189035,0.522905057259685
46,1,"yes","modal",8,-7.90999444948508,-7.57028728259504,0.339707166890031
47,1,"no","negation",13,-23.0696371681724,-23.3383342157495,-0.268697047577152
48,1,"no","negation",9,-16.1332185663327,-15.888924857098,0.244293709234727
54,1,"no","negation",9,-16.4662474423249,-16.1677730230164,0.298474419308434
59,1,"no","negation",9,-22.313160409765,-22.1870587035228,0.12610170624221
62,1,"no","negation",8,-11.714996010907,-11.3578665423118,0.357129468595195
70,1,"yes","negation",10,-13.0607659963084,-13.1011842668852,-0.0404182705767511
71,1,"yes","conditional",9,-10.323532341208,-9.8752881687281,0.448244172479912
77,1,"no","negation",8,-15.106378062481,-14.971018685145,0.135359377336005
78,1,"no","negation",9,-20.6182175926016,-20.6712885156251,-0.0530709230234692
80,1,"no","negation",9,-11.8588140969816,-12.7967702782354,-0.93795618125384
85,1,"no","negation",8,-18.5683589411948,-18.5770032456504,-0.00864430445555087
88,1,"no","negation",8,-14.5031647833865,-14.6189517387286,-0.115786955342093
97,1,"yes","question",8,-7.85190930135824,-7.20184535033541,0.650063951022833
103,1,"yes","negation",8,-10.828338864516,-11.2480730980856,-0.419734233569615
106,1,"yes","negation",10,-17.0431531405301,-16.7245119625608,0.318641177969354
109,1,"yes","negation",10,-17.473319449764,-17.4815441087308,-0.00822465896685998
120,1,"yes","negation",8,-16.4151047785086,-16.2508121449226,0.164292633585958
127,1,"no","negation",8,-9.98844290013686,-9.37913226077335,0.609310639363517
128,1,"no","negation",8,-17.1557671868869,-16.8044615161916,0.351305670695311
134,1,"no","negation",9,-12.8906009705488,-12.3761906500917,0.514410320457124
138,1,"no","negation",8,-16.5721863386288,-15.9456936398114,0.626492698817421
148,1,"yes","negation",8,-13.3885225176243,-13.2838728953694,0.104649622254914
153,1,"yes","negation",8,-6.43735676729968,-6.57987232378054,-0.142515556480862
157,1,"yes","negation",9,-9.68457776054237,-9.87364476942864,-0.189067008886271
164,1,"yes","negation",8,-18.2036464412468,-18.0306036073671,0.173042833879748
169,1,"yes","negation",9,-12.3671757569566,-13.1832152859264,-0.816039528969778
174,1,"no","negation",8,-14.3472147816651,-15.2096595872489,-0.862444805583733
177,1,"no","negation",9,-16.3348395301155,-16.8519648036061,-0.517125273490624
183,1,"yes","conditional",9,-17.4329128803563,-17.6669279212676,-0.23401504091132
196,1,"yes","conditional",8,-6.22963354953049,-5.61977405705407,0.609859492476419
202,1,"no","negation",8,-17.1602367998118,-16.7374891899858,0.422747609825969
204,1,"no","negation",8,-12.7878491021367,-13.0009557511632,-0.2131066490265
205,1,"no","negation",8,-14.268941504046,-14.3650245642052,-0.0960830601591489
211,1,"no","negation",8,-10.1409682780744,-9.87141720776941,0.269551070305013
214,1,"no","negation",9,-16.9916834510032,-17.4842055235936,-0.492522072590408
215,1,"no","negation",8,-10.1275876958187,-9.92130628986,0.206281405958666
224,1,"no","negation",8,-13.123025620607,-13.0399542495407,0.0830713710663229
230,1,"no","negation",8,-18.7867846798393,-18.8351805572693,-0.0483958774300142
231,1,"no","negation",9,-19.6738761272861,-19.9009144804693,-0.227038353183222
233,1,"no","negation",9,-14.8794224724109,-14.6250418679985,0.254380604412336
238,1,"no","negation",9,-19.5108098557717,-19.3886838691114,0.122125986660276
242,1,"no","negation",9,-17.5738124571083,-17.4202152503477,0.153597206760594
243,1,"no","negation",9,-13.5405798217249,-13.3186661736188,0.221913648106053
244,1,"yes","conditional",8,-12.973090381739,-12.6220948901903,0.350995491548623
252,1,"no","negation",10,-15.1069094047811,-14.8757061552466,0.231203249534511
257,1,"no","question",8,-10.9331281499121,-10.7753013730278,0.157826776884216
263,1,"no","question",8,-9.47354789293603,-10.182254107041,-0.708706214104975
264,1,"no","question",9,-16.157478821741,-15.7576354732701,0.399843348470856
268,1,"yes","question",9,-4.71510495608688,-4.37994463575416,0.335160320332721
272,1,"no","question",9,-15.1826619849844,-16.0363908433998,-0.853728858415417
278,1,"yes","conditional",12,-17.5977765274127,-17.5816454617513,0.0161310656613693
282,1,"yes","question",8,-10.2163404346978,-9.64839804846203,0.567942386235755
286,1,"no","conditional",8,-14.0904207659535,-13.7568747790483,0.333545986905163
302,1,"no","question",8,-20.0638030953719,-20.1073608499469,-0.0435577545750334
303,1,"no","question",8,-14.2124921190518,-14.8145709214957,-0.602078802443971
306,1,"yes","question",9,-11.7853464287756,-11.2732751662944,0.512071262481243
308,1,"yes","question",8,-13.6224570347424,-13.6278950889971,-0.00543805425472854
313,1,"no","question",8,-11.9592834943573,-13.1385101961621,-1.17922670180483
316,1,"no","conditional",8,-15.4282220157822,-15.0120914463699,0.416130569412354
334,1,"no","question",8,-11.7199323430628,-12.5483660861437,-0.8284337430809
340,1,"no","conditional",8,-17.7877878189068,-17.6323581406326,0.15542967827411
342,1,"no","conditional",8,-14.7860589643405,-14.6083185118139,0.177740452526532
353,1,"no","conditional",8,-15.4724376024051,-15.2361505432367,0.236287059168378
354,1,"no","conditional",8,-7.2864072100565,-7.1268883548193,0.159518855237203
357,1,"no","conditional",8,-15.6810973767304,-16.0028134397488,-0.321716063018421
360,1,"no","conditional",9,-17.0939889082696,-17.5004264681391,-0.406437559869488
372,1,"no","conditional",8,-18.2689346488812,-18.6498301891728,-0.380895540291647
374,1,"no","question",8,-18.0085160692109,-18.2398616488323,-0.231345579621344
377,1,"no","conditional",8,-15.4319359173306,-15.3114216821204,0.120514235210177
381,1,"no","conditional",9,-14.3256928976204,-13.8569862958082,0.468706601812135
389,1,"no","conditional",9,-20.7899739838635,-20.4877155271971,0.302258456666401
393,1,"no","conditional",8,-6.33791450085523,-7.98982789324554,-1.6519133923903
399,1,"no","modal",8,-15.5730917269721,-14.945355580044,0.627736146928129
413,1,"yes","modal",9,-16.0774277995696,-15.8807700487242,0.196657750845375
414,1,"yes","modal",9,-7.58300489297145,-7.34128814143457,0.241716751536879
423,1,"no","modal",8,-14.1607699390178,-14.5837588823102,-0.422988943292374
425,1,"no","modal",8,-12.3507051961598,-12.0658361213443,0.284869074815429
438,1,"no","modal",9,-14.1053132001236,-14.1001879163251,0.00512528379846522
448,1,"yes","modal",8,-13.6617861973488,-15.0535564449848,-1.39177024763599
449,1,"yes","modal",8,-11.7825642853462,-12.1798912240961,-0.39732693874987
453,1,"no","modal",9,-14.5160827448604,-14.3959702085808,0.120112536279571
456,1,"yes","modal",9,-16.8405781171802,-16.7519251362492,0.088652980931073
460,1,"no","modal",10,-17.9193453531304,-17.695415960983,0.223929392147365
461,1,"no","modal",12,-24.3855508377386,-24.4500471606537,-0.0644963229150903
473,1,"no","negation",10,-16.0901063906957,-15.8512988598285,0.238807530867263
476,1,"no","negation",10,-16.3288593913555,-16.1293807502836,0.199478641071895
483,1,"no","negation",8,-13.5562508544043,-13.1321620933148,0.424088761089591
486,1,"no","negation",8,-10.0077448198341,-9.7887957622908,0.218949057543288
488,1,"no","negation",10,-12.2642809313422,-11.9877114049285,0.276569526413695
491,1,"no","negation",12,-24.5601100042382,-24.3301254608872,0.229984543351023
494,1,"yes","negation",8,-11.3308679225499,-10.9886885072244,0.342179415325431
496,1,"no","conditional",8,-10.9425957203964,-10.8499638302023,0.092631890194145
498,1,"no","negation",10,-13.6069225435866,-13.3868987117144,0.220023831872171
501,1,"no","negation",8,-11.1335302516539,-10.9122255603971,0.221304691256748
503,1,"yes","negation",8,-16.3734998578551,-16.2049662230133,0.168533634841722
504,1,"yes","negation",9,-15.5931201868288,-15.3160693502783,0.277050836550513
507,1,"yes","conditional",12,-19.7496650262969,-19.9176325261423,-0.167967499845407
508,1,"no","negation",12,-16.6245209561927,-16.4457150742571,0.178805881935563
509,1,"yes","negation",9,-16.1628281119983,-15.9638252980586,0.199002813939712
510,1,"no","negation",9,-13.3233117234283,-13.0761066758253,0.24720504760303
521,1,"no","negation",11,-11.9222281677174,-11.6440381065945,0.27819006112291
522,1,"no","negation",8,-11.2633461909063,-10.9774843699885,0.285861820917871
527,1,"no","negation",12,-19.8875008612957,-19.6679231457975,0.219577715498151
531,1,"no","negation",9,-12.3859464780382,-12.1326322925993,0.253314185438898
534,1,"no","negation",8,-18.4079613925568,-19.2886774565687,-0.880716064011871
553,1,"no","negation",8,-15.0625264180704,-14.8740355348814,0.18849088318896
554,1,"no","negation",8,-12.5723249966105,-12.4006927609729,0.171632235637603
560,1,"no","negation",9,-11.9427949519797,-11.7410560720554,0.201738879924266
564,1,"no","negation",10,-15.3890716269111,-15.1593470496445,0.229724577266598
569,1,"no","negation",10,-11.3021708794296,-11.0526421031,0.249528776329635
574,1,"no","negation",10,-17.7777003690041,-17.6104904939332,0.167209875070849
592,1,"no","negation",8,-9.20972718407374,-8.70921241600478,0.500514768068959
597,1,"no","negation",10,-21.0739689185245,-21.0813243342963,-0.00735541577181564
599,1,"no","negation",8,-10.3179094232431,-10.059484168535,0.258425254708072
607,1,"no","negation",8,-13.2546295913582,-13.0571055598781,0.197524031480091
609,1,"no","negation",10,-14.5950727291457,-14.3346509588197,0.260421770325962
613,1,"yes","negation",10,-21.108451463248,-20.8808959173142,0.227555545933793
616,1,"no","negation",8,-12.6505254685286,-12.4266303123273,0.223895156201284
619,1,"yes","negation",10,-17.3763086116299,-17.2423201745025,0.133988437127346
623,1,"yes","negation",12,-22.3015487951971,-22.087002007146,0.214546788051102
646,1,"yes","negation",10,-18.6247173432512,-18.4349129629548,0.189804380296415
647,1,"no","negation",8,-12.3712905675921,-12.1662610194722,0.205029548119875
650,1,"no","negation",8,-13.7848564684674,-13.2799789397806,0.504877528686793
659,1,"yes","negation",12,-19.91929917319,-20.3717776898427,-0.452478516652636
661,1,"no","negation",10,-19.6638337061598,-19.7706840138592,-0.106850307699329
667,1,"no","negation",11,-19.8070576678817,-19.7116191347877,0.0954385330939793
676,1,"no","conditional",8,-19.0666667894115,-18.7204539634643,0.346212825947241
677,1,"no","modal",8,-12.1033427416032,-10.82067162935,1.28267111225313
680,1,"yes","negation",8,-14.1905353486336,-13.8165786683813,0.373956680252363
681,1,"yes","negation",10,-20.7124248493969,-20.6456663151642,0.0667585342327506
682,1,"yes","negation",11,-16.7392496126871,-16.3606357997269,0.378613812960289
686,1,"yes","negation",8,-14.3252806830145,-14.4179331763674,-0.0926524933529791
694,1,"yes","negation",10,-15.2895509122835,-15.8026619954383,-0.513111083154749
700,1,"yes","negation",10,-20.5585494907762,-20.2355732134763,0.322976277299915
711,1,"no","negation",8,-13.2128661515719,-13.0009996507526,0.211866500819239
718,1,"no","negation",8,-10.0262629763342,-9.72704841898851,0.299214557345682
722,1,"no","negation",10,-12.5404848466676,-12.3127965860597,0.22768826060795
724,1,"no","negation",11,-15.7885385182356,-15.5235854338229,0.26495308441266
725,1,"no","negation",8,-10.0983965836314,-9.85654532522583,0.241851258405609
726,1,"no","negation",8,-12.3313641142335,-12.1609435952082,0.170420519025319
732,1,"no","negation",10,-14.6985252670618,-14.4162629573024,0.282262309759446
738,1,"yes","negation",10,-21.8832745816057,-21.6105912225949,0.272683359010795
740,1,"no","modal",8,-13.1928170007115,-12.872611759694,0.32020524101749
742,1,"no","negation",9,-10.0273735057087,-9.75640557975279,0.270967925955903
759,1,"no","negation",8,-14.1010456875858,-13.9192134739648,0.181832213621032
760,1,"no","modal",11,-20.4796587369963,-19.5277552407171,0.951903496279193
762,1,"no","negation",11,-11.8998786839539,-11.6023540866787,0.297524597275235
766,1,"no","negation",12,-23.5252501494959,-23.382604971223,0.142645178272904
768,1,"yes","negation",12,-23.0653564866801,-22.8229164582764,0.242440028403728
770,1,"no","negation",10,-17.6147463603786,-17.393366372131,0.221379988247591
774,1,"no","question",8,-17.0018791510984,-16.4049381582941,0.59694099280432
783,1,"yes","question",10,-4.41223026838192,-3.55724622422811,0.854984044153808
786,1,"no","question",9,-12.7917965315185,-12.4670952145143,0.324701317004227
788,1,"yes","question",9,-14.0207954622974,-13.8139821559828,0.206813306314579
789,1,"no","question",10,-12.3434316878471,-12.1811385720437,0.162293115803372
792,1,"no","question",9,-17.3973439961922,-16.8430092711178,0.554334725074405
800,1,"no","question",8,-12.7464271694632,-12.598186594854,0.148240574609208
801,1,"yes","question",10,-17.943022031908,-17.9850464729357,-0.0420244410276993
803,1,"no","question",12,-17.0277661616306,-16.4941571777749,0.533608983855718
808,1,"no","question",8,-12.5995884522146,-12.0322941953509,0.567294256863748
811,1,"no","question",8,-11.7979597485891,-11.3910059479523,0.40695380063679
813,1,"no","question",8,-11.995591756629,-11.432308158204,0.563283598425022
816,1,"no","question",10,-15.8751566126608,-15.5165587877899,0.358597824870895
829,1,"no","question",10,-16.9048930631177,-16.6217416584817,0.283151404636037
832,1,"no","question",10,-14.1186489736355,-13.6742602770028,0.444388696632615
833,1,"no","question",10,-18.0731078753769,-17.0516706404645,1.02143723491239
834,1,"no","question",8,-10.1912127892826,-9.72271710299585,0.46849568628676
843,1,"no","question",8,-14.4644334611475,-14.3187694483553,0.14566401279215
851,1,"yes","question",9,-10.167796317144,-9.31866182742156,0.849134489722406
853,1,"no","conditional",9,-14.6233762321391,-14.4513415952894,0.172034636849705
854,1,"no","conditional",10,-16.0196365405375,-15.547957178808,0.471679361729501
855,1,"yes","negation",11,-24.9158381842266,-24.552944361177,0.362893823049621
856,1,"no","negation",8,-10.0742142543212,-9.84607876839351,0.228135485927714
865,1,"no","negation",10,-16.6946299003072,-16.4768738788492,0.217756021457991
873,1,"no","negation",8,-10.845262858012,-10.6345663037136,0.21069655429843
876,1,"yes","negation",8,-11.883928979634,-11.5463353193101,0.337593660323918
877,1,"yes","negation",11,-17.1793201903587,-17.2684763112884,-0.0891561209297436
879,1,"no","negation",11,-18.8524959986081,-18.4065359762522,0.445960022355926
885,1,"no","modal",15,-26.3147609599241,-26.3122457927157,0.00251516720846112
887,1,"no","negation",17,-27.4556902667357,-27.2552338285281,0.200456438207592
897,1,"no","negation",15,-26.347762745919,-26.3714998202467,-0.0237370743277161
898,1,"no","question",18,-34.5330120246547,-34.4402217380222,0.092790286632443
906,1,"no","modal",15,-32.5228210638307,-32.0460025976477,0.476818466182912
907,1,"no","negation",15,-26.3171251298919,-26.3078868067291,0.00923832316286877
908,1,"no","negation",15,-22.5196302557268,-22.6327577509116,-0.113127495184731
914,1,"no","modal",18,-30.1595823583183,-29.9859121720842,0.173670186234165
919,1,"no","negation",18,-25.3249460378473,-24.9469832474095,0.377962790437834
938,1,"no","modal",15,-24.1227241350383,-23.6181663619489,0.504557773089342
940,1,"no","negation",18,-31.1031484467291,-30.8721618820326,0.230986564696526
956,1,"no","negation",15,-25.6063040819187,-25.4749421926902,0.131361889228486
968,1,"no","negation",17,-33.4834836898449,-33.4839274696771,-0.000443779832210112
8,2,"no","modal",8,-14.0935751836708,-13.3821531901347,0.711421993536112
13,2,"no","modal",9,-18.6197009349731,-18.4628259603578,0.156874974615278
16,2,"no","modal",8,-12.8907363516996,-12.6912976766993,0.199438675000247
17,2,"no","modal",9,-14.7036155497989,-14.6693986897772,0.0342168600216031
23,2,"no","modal",8,-19.4560183479522,-19.3583128280012,0.0977055199510453
25,2,"no","modal",9,-16.162355186307,-15.3777339002709,0.784621286036144
30,2,"no","modal",8,-15.3493537089496,-14.7543088223584,0.595044886591168
36,2,"no","modal",9,-21.3062383282719,-21.0213003044673,0.284938023804632
37,2,"no","modal",8,-14.6595541936188,-15.7323156131886,-1.07276141956974
45,2,"no","modal",9,-21.4186316899315,-21.5293631034248,-0.110731413493298
66,2,"yes","negation",9,-6.68043697681999,-7.08524084611393,-0.404803869293938
72,2,"yes","negation",8,-1.84523958026984,-2.84979384048017,-1.00455426021033
73,2,"yes","negation",8,-1.84172360989789,-2.83425649166671,-0.992532881768816
74,2,"no","negation",8,-16.6877791480393,-16.1816491634277,0.506129984611636
82,2,"no","negation",9,-12.9775956737596,-13.3393866187064,-0.361790944946817
86,2,"no","negation",9,-18.8389244786046,-19.6197808136191,-0.780856335014512
93,2,"yes","negation",8,-11.5216087975532,-11.9749667350754,-0.453357937522272
98,2,"yes","negation",9,-11.2622265614526,-11.9644112814535,-0.702184720000973
101,2,"yes","negation",13,-22.6750766063703,-22.9235070917758,-0.248430485405478
105,2,"yes","negation",9,-21.5041807288456,-21.6472170402714,-0.143036311425814
116,2,"yes","negation",10,-22.944587580565,-23.2197001037641,-0.275112523199152
131,2,"no","negation",9,-14.2042550328273,-13.8369326807074,0.367322352119906
140,2,"yes","negation",9,-12.1570345571509,-12.1517445673914,0.00528998975952177
143,2,"yes","negation",8,-13.621745284001,-13.5546470874901,0.0670981965108215
145,2,"yes","negation",9,-8.19895739603625,-8.31367822184736,-0.114720825811112
149,2,"yes","negation",8,-11.4353153453057,-11.5955770177178,-0.160261672412117
151,2,"yes","negation",9,-15.7948617579479,-15.5283011867058,0.266560571242037
152,2,"yes","negation",8,-15.6882411918042,-15.4404269231405,0.247814268663703
156,2,"yes","negation",8,-16.9690184815165,-16.7109922880363,0.258026193480195
159,2,"yes","negation",8,-12.4676101222892,-12.3280835393341,0.139526582955099
161,2,"no","negation",9,-17.1318836173633,-17.4768338811359,-0.344950263772624
163,2,"no","negation",9,-16.5703046220003,-16.643891084467,-0.0735864624667322
167,2,"yes","negation",9,-15.7860045840573,-15.5078311885287,0.278173395528608
168,2,"yes","negation",8,-18.6218866916888,-18.378259000515,0.24362769117371
176,2,"no","negation",8,-16.4469246608406,-16.4954870959297,-0.0485624350891669
187,2,"yes","negation",9,-16.3170377330808,-17.2850732042864,-0.968035471205553
188,2,"no","negation",9,-19.2919177244783,-19.2024466355562,0.0894710889220676
189,2,"no","negation",9,-18.0538627042489,-17.9919719904506,0.0618907137983342
190,2,"no","negation",8,-11.9659025627641,-12.0364450278575,-0.070542465093471
194,2,"no","negation",8,-13.7264424786094,-13.3824727875225,0.343969691086857
200,2,"no","negation",8,-14.8149633233341,-15.4849796586588,-0.670016335324652
208,2,"no","negation",9,-18.2836285910327,-18.1203648473596,0.163263743673067
209,2,"no","negation",8,-7.40507851320118,-8.57325138058032,-1.16817286737914
213,2,"no","negation",9,-12.4224967073289,-12.1345838759712,0.287912831357749
217,2,"no","negation",9,-21.1733042997905,-21.8255539358423,-0.652249636051781
218,2,"no","negation",8,-15.6028677845793,-16.7383428322855,-1.1354750477062
220,2,"no","negation",8,-18.2420930084554,-18.5390746961036,-0.296981687648167
221,2,"no","negation",8,-10.1622407396291,-9.87254917210992,0.28969156751922
222,2,"no","negation",8,-19.6332409359311,-20.0045680116855,-0.371327075754454
229,2,"no","negation",8,-14.7462930106884,-14.5348471569778,0.211445853710579
234,2,"no","negation",9,-8.70131644092697,-8.38626205881978,0.315054382107187
248,2,"no","negation",9,-11.4008352794385,-11.104894896641,0.295940382797491
255,2,"no","question",9,-19.3213615208701,-19.3139704640119,0.00739105685824271
256,2,"no","question",9,-17.5927132362551,-18.297061722648,-0.704348486392831
258,2,"no","question",9,-13.2740489464159,-13.8953238209778,-0.621274874561937
260,2,"no","question",9,-10.553902099634,-11.7184084108607,-1.16450631122675
262,2,"no","question",9,-15.8585685788369,-15.1996822240967,0.658886354740224
265,2,"yes","question",8,-17.3194480549275,-17.1206848613952,0.198763193532272
273,2,"yes","question",8,-6.45521763037866,-5.55328173726327,0.901935893115388
281,2,"yes","question",8,-13.191612298266,-12.7999743682206,0.391637930045333
287,2,"no","conditional",9,-15.9952837850543,-15.6478791453837,0.347404639670648
297,2,"no","question",9,-14.3753459286564,-14.017856480454,0.357489448202392
298,2,"no","question",9,-11.7700482085101,-11.5405362968381,0.229511911672013
301,2,"yes","question",8,-11.8647196392054,-12.4111533104164,-0.546433671211016
304,2,"yes","question",8,-15.8165718666548,-16.3380555861476,-0.521483719492837
307,2,"yes","question",8,-7.16030915586442,-6.49898424576144,0.661324910102987
314,2,"no","question",11,-17.5499440840711,-17.4197026681629,0.130241415908205
318,2,"no","question",11,-20.7610350923402,-21.4758781836186,-0.714843091278418
321,2,"no","question",10,-18.217787022249,-18.8676969872475,-0.6499099649985
327,2,"no","question",8,-14.5036303978669,-14.6139077495217,-0.110277351654847
336,2,"yes","conditional",8,-14.3194812145599,-14.0328126342916,0.286668580268262
344,2,"no","conditional",8,-21.0184501258207,-21.0030162233957,0.015433902424963
345,2,"no","conditional",11,-27.5109290587949,-28.1114693025015,-0.600540243706604
348,2,"no","conditional",9,-17.8857758939207,-17.9094393155027,-0.0236634215819649
349,2,"no","conditional",10,-8.5242113118692,-8.44241831197045,0.0817929998987434
350,2,"no","conditional",11,-17.7559340826241,-18.3674819107672,-0.611547828143053
352,2,"no","conditional",8,-11.8327000335891,-11.5050327005768,0.327667333012311
356,2,"no","conditional",9,-15.0099655917852,-14.6980224801221,0.311943111663092
361,2,"no","conditional",8,-11.1299993709697,-12.0382588070718,-0.908259436102139
370,2,"no","conditional",9,-17.24825820154,-17.2313016179848,0.0169565835551637
383,2,"no","conditional",9,-18.8292568608555,-18.7063133017753,0.122943559080156
386,2,"no","conditional",10,-14.2845737860122,-13.9578278874414,0.326745898570785
387,2,"no","conditional",9,-16.176810251716,-16.093249510272,0.0835607414439536
396,2,"no","modal",8,-15.1650406931034,-15.0290057400826,0.136034953020831
412,2,"no","conditional",8,-15.614016081823,-15.2371015332907,0.376914548532305
417,2,"yes","modal",9,-16.433786671118,-17.7342691631146,-1.30048249199666
422,2,"no","modal",8,-11.7798207383952,-11.8320007831237,-0.0521800447284217
424,2,"no","modal",9,-12.1677337709895,-12.2925585518801,-0.124824780890645
427,2,"no","modal",9,-17.6856065814524,-17.2605560114467,0.425050570005695
433,2,"yes","conditional",8,-12.7005934971864,-12.5631229858325,0.13747051135392
435,2,"yes","conditional",8,-12.239895565439,-12.0642007025645,0.175694862874431
436,2,"no","modal",8,-11.2903783625144,-11.1210239767289,0.169354385785496
437,2,"no","modal",8,-13.8238816659898,-13.3729662040131,0.450915461976674
439,2,"yes","conditional",8,-15.2350276659201,-15.2165773287322,0.0184503371879199
447,2,"yes","modal",9,-7.02702806771322,-6.71220523181751,0.314822835895707
452,2,"yes","conditional",8,-10.7066362058013,-10.6291211531152,0.0775150526860777
457,2,"yes","modal",9,-10.8875626252692,-10.0671607706278,0.820401854641357
458,2,"yes","modal",8,-4.40049738948676,-2.9152250347843,1.48527235470246
462,2,"no","conditional",9,-15.9851451664655,-15.2914359087817,0.693709257683768
463,2,"yes","conditional",8,-12.9590432549696,-12.8688605875874,0.0901826673822796
468,2,"yes","negation",10,-19.2210409681198,-18.7256010565603,0.495439911559416
470,2,"yes","negation",10,-18.0680255188332,-17.614831393834,0.453194124999278
474,2,"no","conditional",9,-13.1365752504788,-12.7822467777669,0.354328472711941
475,2,"yes","negation",9,-24.0688321600617,-23.8357080087826,0.233124151279036
487,2,"yes","negation",10,-19.3492586687662,-20.3114899273226,-0.962231258556471
493,2,"no","negation",10,-12.6868203923653,-12.3738133086977,0.313007083667562
516,2,"no","negation",8,-13.3271094429692,-12.8320542688439,0.495055174125286
520,2,"yes","negation",9,-15.953384365043,-15.5417606606079,0.411623704435081
533,2,"no","negation",10,-15.7689715039405,-15.507707218664,0.26126428527645
548,2,"no","negation",12,-16.2715410180904,-15.9767844841361,0.294756533954343
549,2,"no","negation",8,-13.9017213587626,-13.9514996177169,-0.0497782589543174
550,2,"no","negation",11,-16.8560165147507,-16.6931008332492,0.162915681501506
555,2,"no","negation",12,-22.4408579522243,-22.2017296180947,0.239128334129582
557,2,"no","negation",9,-16.5381778600944,-16.2663552157496,0.271822644344784
559,2,"no","negation",11,-16.1922115676059,-16.0025432467885,0.189668320817471
563,2,"no","negation",10,-21.7898392604333,-21.9992849794569,-0.209445719023602
567,2,"no","negation",8,-8.82938854595668,-8.56460624266234,0.264782303294341
572,2,"no","negation",10,-14.0050762794245,-13.83392003623,0.171156243194503
573,2,"no","negation",11,-20.628258798254,-20.7421807644912,-0.113921966237182
576,2,"no","negation",10,-19.3005131384736,-19.4697743301712,-0.16926119169764
577,2,"no","negation",8,-8.66251345647771,-8.34165065684331,0.320862799634403
578,2,"no","negation",9,-14.2229742336151,-14.0870437197034,0.135930513911649
580,2,"no","negation",12,-14.0619238683466,-13.6681876023995,0.393736265947123
584,2,"no","negation",9,-10.7247927723205,-10.4227447124268,0.302048059893663
585,2,"no","negation",9,-17.6729978827156,-18.9054685166852,-1.23247063396954
588,2,"yes","negation",10,-15.7030534667141,-15.2324953960338,0.470558070680303
589,2,"no","negation",9,-10.956416323299,-10.4836867554392,0.472729567859814
590,2,"no","negation",8,-13.5509532800029,-12.9473611020319,0.60359217797099
598,2,"no","negation",10,-12.9172149869913,-12.6519839697245,0.265231017266759
602,2,"no","negation",12,-18.7163515443151,-18.3975390893585,0.318812454956586
604,2,"no","negation",8,-13.4063889788249,-13.2737188446424,0.132670134182533
632,2,"no","modal",8,-11.8215189245937,-11.2439329720571,0.577585952536587
634,2,"no","negation",12,-17.4649970394406,-17.1316446299267,0.333352409513889
636,2,"no","negation",11,-16.7526392203682,-16.5383679894154,0.214271230952804
637,2,"no","negation",10,-13.9666162595882,-13.6273483214842,0.339267938104014
641,2,"yes","negation",10,-17.9913220990867,-17.5988517073426,0.392470391744109
653,2,"no","negation",9,-18.0301904029081,-18.0859800434048,-0.0557896404967124
657,2,"no","negation",9,-12.2666472570107,-11.9785199337496,0.288127323261021
658,2,"no","negation",10,-13.2171907722158,-12.8979172258647,0.319273546351106
663,2,"no","negation",8,-15.2297612331573,-15.0904642958276,0.139296937329679
664,2,"no","negation",8,-8.70096110389445,-8.36100684213604,0.339954261758413
675,2,"no","negation",10,-17.7570158071183,-17.6532268734359,0.103788933682409
684,2,"no","negation",9,-14.3332431467656,-14.1114114565263,0.221831690239295
688,2,"no","negation",12,-24.4758599397407,-24.2661735238765,0.209686415864159
708,2,"no","negation",12,-22.1618878393008,-22.1203884049394,0.0414994343613948
709,2,"no","modal",8,-14.9425121658391,-13.8115807041464,1.13093146169269
712,2,"no","negation",9,-9.8281730896012,-9.50433478259098,0.323838307010226
716,2,"yes","negation",8,-16.980147286242,-17.0002311878462,-0.0200839016042273
717,2,"no","negation",10,-20.2607609510853,-20.8035015624032,-0.542740611317857
719,2,"no","negation",12,-22.2731084316791,-22.4841073733764,-0.210998941697301
731,2,"no","negation",10,-15.3025241833211,-15.1241694241873,0.178354759133768
736,2,"yes","negation",8,-12.1325080400095,-11.7644841716416,0.368023868367974
743,2,"no","negation",11,-16.0771204168081,-15.8656423594858,0.211478057322356
751,2,"yes","modal",11,-14.1695180271133,-13.0702215641463,1.09929646296701
755,2,"no","negation",11,-14.8015452163755,-14.4912730013868,0.310272214988638
756,2,"no","negation",10,-14.1896971394995,-13.9935662849763,0.196130854523192
757,2,"no","negation",8,-14.6535228725687,-14.6393024011174,0.0142204714513472
782,2,"no","question",10,-13.2369666683215,-12.8441600838416,0.392806584479953
787,2,"no","question",12,-22.8735301478,-22.0294315952303,0.844098552569669
794,2,"no","question",10,-15.2403169539269,-14.8008084920346,0.439508461892277
796,2,"no","question",10,-16.2699700618152,-16.0220656627065,0.247904399108773
802,2,"no","question",8,-10.1995888967836,-9.72665065542504,0.472938241358598
804,2,"no","question",10,-13.1157222850922,-12.8060043943074,0.309717890784851
809,2,"no","question",11,-19.7388513675293,-18.8618645494863,0.876986818043015
812,2,"no","question",12,-17.9282506203973,-17.3152985282845,0.61295209211282
820,2,"no","question",12,-15.4110706115588,-15.0013570899629,0.409713521595851
821,2,"no","question",8,-13.0483577212148,-12.718067686382,0.330290034832776
830,2,"yes","question",10,-18.7733964211812,-19.3702379878474,-0.596841566666182
839,2,"no","question",12,-18.0941865465656,-17.5148929865591,0.579293560006523
842,2,"no","question",9,-13.5342790915503,-13.3222034742909,0.212075617259421
845,2,"no","question",10,-17.372321299851,-17.2968407851326,0.0754805147184214
849,2,"yes","question",11,-15.7978236409943,-16.5453580904036,-0.747534449409292
866,2,"no","negation",10,-13.1227673846935,-12.7963296836012,0.326437701092244
869,2,"no","negation",9,-14.8548915988683,-14.6019103325919,0.252981266276395
875,2,"no","negation",8,-12.5341828139488,-12.3657698830682,0.168412930880672
878,2,"no","negation",9,-13.1182710837575,-12.8670437105699,0.251227373187632
880,2,"no","negation",9,-9.07430683440327,-8.71676900407555,0.357537830327724
883,2,"yes","negation",18,-32.2782969026472,-32.2608628510328,0.0174340516144156
886,2,"no","negation",15,-30.5551385978227,-30.9687286736336,-0.413590075810966
893,2,"no","negation",15,-28.9159179748926,-28.6903455726355,0.225572402257111
901,2,"no","negation",15,-31.3970144253562,-31.7644578780105,-0.367443452654229
903,2,"no","negation",15,-29.3389277338334,-29.2580321392421,0.0808955945913326
916,2,"no","negation",15,-27.3341332628341,-26.6927064363766,0.641426826457458
917,2,"no","negation",18,-32.2868554933129,-32.7099668061383,-0.423111312825426
924,2,"no","negation",15,-25.6290318096915,-25.6621415509004,-0.0331097412089143
926,2,"no","modal",15,-23.6068741492263,-23.8278648129834,-0.220990663757021
929,2,"no","question",16,-25.2875385503101,-25.0369180504444,0.250620499865764
932,2,"no","negation",18,-33.2694045738734,-33.3265762063938,-0.0571716325204434
942,2,"no","negation",16,-24.4702742121729,-24.3093818529665,0.160892359206311
943,2,"no","negation",15,-31.4385057478268,-31.6837643759669,-0.245258628140025
945,2,"no","negation",18,-37.1915690495525,-37.555702040472,-0.364132990919472
947,2,"no","modal",18,-42.579931345541,-42.8435162326118,-0.263584887070849
954,2,"no","conditional",15,-23.4536569060327,-23.4132099013509,0.0404470046818126
955,2,"yes","modal",16,-19.1695260178914,-18.596251522156,0.573274495735415
962,2,"yes","negation",15,-27.2871805750315,-27.252490623559,0.0346899514724051
972,2,"no","negation",16,-31.36745238673,-31.5568428537787,-0.189390467048746
980,2,"no","negation",16,-34.4274397671597,-34.8910087466845,-0.463568979524844
4,3,"no","modal",8,-14.7025497731501,-14.5294598387998,0.173089934350324
6,3,"no","conditional",8,-14.3717027969142,-14.210993783465,0.160709013449203
7,3,"yes","modal",9,-13.9503611673787,-13.1818051325331,0.768556034845691
19,3,"no","conditional",8,-13.2823900829222,-14.1553170028931,-0.872926919970944
24,3,"no","modal",8,-14.1683902768437,-13.3383200606865,0.830070216157223
27,3,"no","modal",9,-17.4750746396316,-16.8121846852085,0.662889954423072
39,3,"no","modal",9,-18.5152802903111,-18.2127924328402,0.302487857470961
40,3,"no","modal",9,-19.8344338453775,-19.4211162506842,0.413317594693332
53,3,"no","negation",9,-20.5034729702781,-20.6606849995391,-0.157212029260958
57,3,"no","negation",8,-16.0277736780352,-16.3878326744989,-0.360058996463707
60,3,"no","negation",8,-12.9853570938392,-12.5995689936531,0.385788100186096
76,3,"no","negation",8,-15.1031310794647,-15.3979451339036,-0.294814054438909
81,3,"no","negation",8,-16.9145410326911,-17.0400569779194,-0.12551594522829
92,3,"yes","conditional",8,-9.92892047806751,-9.39314556507687,0.535774912990648
102,3,"yes","negation",12,-20.3705911047515,-20.5289743334878,-0.158383228736309
104,3,"yes","negation",8,-16.493228712135,-16.3307734346816,0.162455277453343
107,3,"yes","negation",8,-11.1334164555381,-11.7034114411447,-0.569994985606613
111,3,"yes","negation",9,-13.9400909064521,-14.4717506463644,-0.531659739912387
112,3,"yes","negation",8,-14.6328472247224,-14.859835719432,-0.226988494709532
113,3,"yes","negation",8,-14.7028488414819,-15.1706609541167,-0.467812112634775
115,3,"yes","negation",9,-10.375807885015,-11.2196186567322,-0.843810771717177
117,3,"yes","negation",9,-14.7018845030886,-15.326511799561,-0.624627296472383
118,3,"yes","conditional",8,-13.8017841502778,-13.4381146964307,0.36366945384707
121,3,"yes","negation",9,-19.7942752920289,-19.9928699034859,-0.198594611456986
130,3,"no","negation",8,-9.43987293940572,-8.83943224388767,0.600440695518049
132,3,"no","negation",9,-15.4172418868087,-14.9298447008314,0.487397185977311
133,3,"yes","conditional",8,-14.4050479851629,-14.2577371036455,0.147310881517472
135,3,"no","negation",9,-12.7128840366312,-12.1817557970636,0.5311282395676
141,3,"yes","negation",9,-10.2659437322508,-10.265055093949,0.00088863830177921
155,3,"yes","negation",8,-12.1812092704511,-12.1441208086544,0.0370884617967207
158,3,"yes","negation",9,-9.90766403406374,-10.0280174463164,-0.120353412252616
166,3,"yes","negation",9,-18.718536008315,-18.8422364165608,-0.12370040824581
171,3,"no","negation",9,-18.4230294533873,-18.3830850070315,0.0399444463557579
178,3,"no","negation",9,-15.7848617374143,-17.1970720800493,-1.41221034263501
185,3,"no","negation",8,-13.5080139088618,-12.6921687856756,0.815845123186243
192,3,"no","negation",8,-13.2158630143816,-13.1383355920301,0.0775274223514977
198,3,"no","negation",9,-13.863418865847,-13.846765077385,0.0166537884620421
201,3,"no","negation",9,-21.8201265141753,-22.4080108918841,-0.587884377708875
210,3,"no","negation",8,-14.1980237403314,-14.3964100688268,-0.198386328495351
216,3,"no","negation",8,-17.3612027553094,-18.1017726613925,-0.740569906083159
223,3,"no","negation",9,-14.0904718644034,-14.2847981713629,-0.194326306959409
227,3,"no","negation",8,-19.4100567236835,-19.3509415307945,0.0591151928890596
228,3,"no","negation",9,-16.7620276160637,-16.9389875634857,-0.176959947422009
245,3,"no","negation",9,-22.5616995313908,-22.4130384839915,0.148661047399344
246,3,"no","negation",8,-16.2931789848037,-16.1203477959838,0.172831188819906
250,3,"no","negation",9,-9.66837263155895,-9.37631410850187,0.292058523057078
254,3,"yes","negation",8,-6.4863123419223,-7.12627745984442,-0.639965117922124
267,3,"yes","question",8,-4.40415756534135,-4.07570924730688,0.328448318034465
269,3,"no","question",8,-15.282987617303,-15.2324597336148,0.0505278836881953
270,3,"no","question",8,-12.6940884709783,-12.572603086042,0.121485384936351
276,3,"yes","question",8,-12.9647574940779,-12.4956850460188,0.469072448059091
280,3,"yes","conditional",8,-4.66828307592882,-4.38784659702889,0.280436478899931
290,3,"yes","question",9,-15.0154421047107,-14.8456950376976,0.169747067013072
292,3,"yes","question",9,-8.31111886533243,-7.5650386491891,0.746080216143332
295,3,"no","question",8,-12.2383766305902,-11.8881725058839,0.350204124706318
300,3,"no","question",9,-13.3912400096805,-13.1265333236757,0.264706686004821
305,3,"yes","question",9,-14.6031455168737,-14.1415970965286,0.461548420345126
310,3,"no","conditional",8,-15.9926423960987,-15.6704124166334,0.322229979465273
311,3,"no","question",9,-13.2836989356594,-14.1055648785934,-0.82186594293398
320,3,"no","question",13,-21.8546179866291,-22.1164874489607,-0.261869462331589
322,3,"no","question",10,-21.5211316325516,-21.7196297242826,-0.198498091730965
328,3,"yes","conditional",8,-10.374006668704,-10.436085909688,-0.0620792409840067
332,3,"no","question",9,-16.0312904258212,-15.7974193121547,0.233871113666471
333,3,"no","question",8,-17.5842970815456,-17.3560545227927,0.228242558752886
347,3,"no","conditional",9,-7.73005253589432,-7.72086741128054,0.0091851246137864
359,3,"no","conditional",8,-15.979818127644,-15.8254533226245,0.154364805019513
362,3,"no","conditional",8,-13.9148475590798,-14.1315222494575,-0.216674690377726
363,3,"no","conditional",8,-12.4713365192732,-12.3430063782078,0.128330141065415
369,3,"no","conditional",8,-15.0996751958555,-15.0136911379438,0.0859840579117535
373,3,"no","conditional",8,-17.3242240370548,-18.2556271164924,-0.931403079437562
380,3,"no","conditional",11,-16.2534907301287,-15.8293322000235,0.42415853010519
382,3,"no","conditional",10,-19.3887948813535,-18.7262830180286,0.662511863324884
384,3,"no","conditional",12,-22.1745753274367,-21.5301279723604,0.644447355076359
388,3,"no","conditional",8,-13.6277451194385,-13.2629238751752,0.364821244263297
395,3,"no","conditional",9,-20.4645582347075,-19.9233379618064,0.54122027290115
398,3,"no","modal",9,-19.5605477559092,-19.5610462983891,-0.000498542479849817
404,3,"no","modal",10,-13.8395112563072,-13.7462122308442,0.093299025463061
407,3,"no","modal",10,-13.6013424567018,-13.4672944381712,0.134048018530562
408,3,"no","modal",9,-15.778081400318,-15.2674879906475,0.5105934096705
420,3,"no","modal",9,-17.6614675494977,-17.5283921708996,0.133075378598118
428,3,"yes","modal",8,-13.0315725888896,-13.4358484132849,-0.404275824395345
432,3,"yes","modal",12,-19.6537464169239,-19.2861059655641,0.367640451359765
434,3,"yes","conditional",9,-8.11199474726854,-8.37171408038183,-0.25971933311329
441,3,"no","modal",8,-12.4003912363297,-12.0159800684516,0.384411167878181
445,3,"no","modal",8,-14.9835866613486,-14.4902111937509,0.493375467597733
446,3,"no","modal",9,-13.3613338364201,-13.0445199620968,0.316813874323325
451,3,"yes","modal",8,-2.2634449825088,-1.35674886563555,0.906696116873251
467,3,"no","negation",9,-11.1778440755276,-10.7918894427491,0.385954632778436
469,3,"no","negation",10,-17.3404755849994,-17.1944559287235,0.146019656275897
478,3,"no","negation",8,-12.7457541899721,-12.6375545556316,0.108199634340465
480,3,"no","negation",8,-8.80420956931443,-8.53529748126726,0.268912088047173
481,3,"yes","negation",9,-12.69788878092,-13.3527972102359,-0.654908429315883
485,3,"no","conditional",10,-15.8871882252967,-15.7847827053887,0.102405519907947
495,3,"yes","negation",8,-17.4889809167015,-17.395337068673,0.0936438480285489
497,3,"no","negation",11,-21.90745981121,-21.7825304737813,0.124929337428743
514,3,"no","negation",10,-12.556794137598,-12.2521207537887,0.304673383809234
517,3,"no","negation",8,-17.1899312311763,-18.2583445235384,-1.06841329236207
523,3,"no","negation",10,-10.714843778112,-10.3968592544415,0.317984523670535
524,3,"no","negation",11,-19.3653864087022,-19.0680844751517,0.297301933550475
529,3,"no","question",8,-14.8866751831942,-14.3668272896912,0.519847893503011
532,3,"no","negation",8,-8.54792281663303,-8.23751895713784,0.310403859495189
538,3,"no","negation",11,-10.5550794563908,-10.1891111625505,0.365968293840274
543,3,"yes","negation",9,-16.5325723711107,-16.1867616900905,0.345810681020197
544,3,"no","negation",8,-13.7514246121336,-13.5548492897466,0.196575322387067
552,3,"no","negation",10,-14.4876337498543,-14.2325710256549,0.255062724199364
561,3,"no","negation",10,-13.1521033564326,-12.9000198236465,0.252083532786125
562,3,"no","negation",10,-13.3658681240531,-13.0947740047917,0.271094119261392
565,3,"no","negation",8,-12.737452425734,-12.5701908869005,0.167261538833515
566,3,"no","negation",8,-11.314959365671,-11.0821861994296,0.232773166241405
570,3,"no","conditional",11,-16.3727006417527,-16.9167946517498,-0.544094009997124
575,3,"no","negation",8,-19.4867341927011,-19.6353709338905,-0.148636741189375
579,3,"no","negation",9,-12.6407883420594,-12.4830710651838,0.157717276875614
583,3,"no","negation",11,-13.1401092659635,-12.85222244445,0.287886821513506
593,3,"no","negation",8,-13.5091176023469,-13.3210171869987,0.188100415348201
596,3,"no","negation",8,-10.0683101650121,-9.84000790079458,0.228302264217554
601,3,"no","modal",10,-18.3407827063904,-17.2101095281523,1.13067317823811
618,3,"yes","negation",11,-20.766516626357,-20.4153113444473,0.351205281909721
624,3,"yes","negation",10,-12.3803765680802,-12.1562869605795,0.224089607500606
639,3,"yes","negation",8,-14.5024455935396,-14.1736348565062,0.328810737033383
643,3,"no","modal",8,-14.4001724613532,-14.4661223372303,-0.0659498758771022
645,3,"no","negation",10,-10.3950099274997,-9.7554233600934,0.639586567406292
651,3,"yes","negation",9,-10.1548961608616,-11.2878030077388,-1.13290684687723
665,3,"no","modal",8,-13.7263877586094,-13.2009948648297,0.525392893779753
666,3,"no","negation",8,-11.1357545877217,-10.8916285199535,0.244126067768228
668,3,"no","negation",10,-13.2336073112698,-13.0989298985778,0.134677412691929
669,3,"no","negation",12,-24.4890538184445,-25.6185358321279,-1.12948201368334
670,3,"yes","negation",9,-15.5705447566932,-15.841403191015,-0.270858434321873
678,3,"no","negation",8,-16.1632782939115,-16.1890854887768,-0.0258071948653438
679,3,"no","negation",10,-13.8010490930784,-13.541289528654,0.259759564424426
689,3,"no","negation",9,-13.4081951843126,-13.1644400456681,0.243755138644486
690,3,"no","negation",8,-13.2016919784755,-13.06063168404,0.141060294435444
691,3,"no","negation",11,-10.4885584047833,-10.1684397129353,0.320118691847989
692,3,"no","negation",10,-19.2866603558803,-18.8228265604006,0.463833795479683
696,3,"no","negation",10,-21.703113598931,-21.7647174016362,-0.0616038027051786
702,3,"no","negation",8,-8.64073884385255,-8.38463697812703,0.256101865725517
704,3,"yes","negation",10,-20.4844003492611,-20.5259749401278,-0.0415745908667802
705,3,"no","negation",10,-14.0795345525418,-13.859147246196,0.220387306345826
710,3,"no","negation",11,-19.1250099200064,-19.1084063991799,0.0166035208265143
713,3,"no","negation",9,-13.0721997343447,-12.8433528528336,0.228846881511082
715,3,"yes","negation",11,-20.8296573949562,-20.5626064461674,0.267050948788839
721,3,"no","negation",10,-19.6537294973287,-19.9735342142916,-0.319804716962896
723,3,"no","negation",8,-12.3382086664783,-12.2962705180619,0.0419381484164134
729,3,"no","negation",11,-19.7942012401027,-19.0432180113284,0.750983228774366
733,3,"no","negation",8,-14.7110614879244,-14.8155232316077,-0.104461743683308
735,3,"no","negation",12,-13.4199174648719,-13.1209231059959,0.298994358876
739,3,"no","negation",9,-13.8838524694844,-13.7708493273142,0.113003142170157
744,3,"yes","negation",11,-20.6301333685082,-20.3048812669615,0.325252101546702
746,3,"no","negation",9,-18.3108390332452,-17.5664576973066,0.744381335938627
748,3,"no","negation",10,-12.2082854883401,-11.9331535898347,0.275131898505363
763,3,"yes","negation",10,-13.5561225151575,-14.1939885084792,-0.637865993321705
764,3,"no","negation",10,-13.6614584139429,-13.4380379340678,0.223420479875136
765,3,"yes","negation",8,-15.5227762254479,-15.2100551205937,0.312721104854194
769,3,"no","negation",11,-24.4661839982612,-25.3882831850153,-0.922099186754053
772,3,"no","question",9,-11.5119713428337,-10.9962525850035,0.515718757830198
776,3,"no","question",11,-15.9845789675917,-15.319800269972,0.664778697619671
777,3,"no","question",11,-14.7005792533796,-14.1839394465763,0.516639806803267
780,3,"yes","question",8,-13.7194241601544,-13.0755548067763,0.643869353378079
785,3,"no","question",8,-12.7810578212875,-12.1145821709742,0.66647565031332
798,3,"no","question",12,-17.8795177928281,-17.6763596459278,0.203158146900286
799,3,"yes","question",9,-12.7300748765678,-12.7084075252149,0.0216673513529493
806,3,"no","question",9,-15.8991704866521,-16.0573098421299,-0.158139355477791
814,3,"no","question",9,-15.3992388573742,-14.9691806741118,0.430058183262382
817,3,"no","question",10,-13.794960464711,-13.2157900723554,0.579170392355593
819,3,"no","question",8,-12.5722083612587,-11.9583273225804,0.61388103867829
837,3,"no","question",11,-15.3522442722418,-14.7057584392398,0.646485833002028
841,3,"no","question",11,-15.2383406668568,-14.7561046806905,0.482235986166348
844,3,"no","question",10,-14.7281537209275,-14.1425478328314,0.585605888096154
846,3,"no","question",8,-12.1306765936641,-11.7152057857859,0.415470807878185
850,3,"yes","question",9,-13.0377319264195,-13.6579421568841,-0.620210230464608
864,3,"no","negation",11,-19.2975575653124,-18.7213493039008,0.576208261411644
868,3,"no","negation",8,-11.801831015632,-11.5808747147055,0.220956300926517
870,3,"yes","negation",12,-20.5018564656946,-20.1342258034506,0.367630662244046
882,3,"no","negation",11,-19.1502967505498,-18.9232763211752,0.227020429374583
890,3,"no","negation",18,-30.2626389921136,-30.6765034418832,-0.413864449769655
892,3,"no","negation",15,-30.0714598708454,-30.1995226731408,-0.128062802295357
894,3,"no","negation",15,-26.7063002200322,-26.3387458577456,0.367554362286544
900,3,"no","modal",15,-25.9909535220978,-26.0774749903252,-0.0865214682273887
904,3,"no","modal",15,-25.1139762799261,-25.0275095881376,0.0864666917884733
909,3,"no","negation",15,-23.7518522485216,-23.6692352252948,0.0826170232268311
912,3,"no","modal",15,-31.9334393219608,-31.7549530814737,0.1784862404871
923,3,"no","negation",18,-28.7821666805918,-28.6645693735695,0.117597307022233
927,3,"no","question",15,-16.8367213342074,-18.8741983561222,-2.03747702191484
928,3,"no","modal",18,-31.9813731579783,-31.5849942288423,0.39637892913596
931,3,"no","conditional",18,-33.9051597123538,-33.886446941253,0.0187127711008443
934,3,"no","negation",18,-39.5971874219102,-40.3399643550806,-0.742776933170376
935,3,"yes","modal",18,-27.409542802439,-27.2815193450979,0.128023457341111
937,3,"no","negation",18,-29.9524345333631,-29.6284407198563,0.323993813506782
944,3,"yes","modal",15,-26.3367271629536,-26.6443229389072,-0.307595775953558
950,3,"no","question",15,-22.4868049063219,-22.4041548193878,0.0826500869341373
960,3,"yes","negation",18,-32.5680887437062,-31.3233654376122,1.24472330609404
965,3,"no","negation",15,-28.000322505284,-27.7465339347463,0.253788570537669
967,3,"no","negation",15,-22.5938780986292,-22.3994195961134,0.194458502515733
973,3,"no","negation",16,-31.9501079633746,-31.5687405551738,0.381367408200759
977,3,"no","negation",15,-23.4334958439128,-23.1860873448072,0.247408499105632
978,3,"yes","negation",16,-25.7099893199982,-26.0606041521125,-0.350614832114278
979,3,"no","negation",17,-36.6220373691882,-36.3449231813485,0.277114187839707
982,3,"no","negation",15,-33.7069175139687,-34.4163404774572,-0.709422963488514
2,4,"no","modal",8,-13.8407789989868,-13.4813867115945,0.359392287392241
5,4,"no","conditional",9,-16.4394059673082,-16.2632383666183,0.176167600689951
9,4,"no","modal",9,-20.7417450648339,-20.9002718838166,-0.158526818982697
12,4,"no","modal",8,-12.4917503818615,-12.464913771892,0.0268366099695658
15,4,"no","modal",8,-20.6221297184909,-21.1624971608462,-0.54036744235534
28,4,"no","conditional",9,-16.9951985945482,-16.8329334654953,0.162265129052876
29,4,"no","modal",8,-15.9082619127328,-14.9623827773612,0.945879135371646
31,4,"no","modal",8,-18.3158737559458,-18.2455314582573,0.0703422976885442
42,4,"no","modal",9,-16.5209210759143,-15.4071298979886,1.11379117792569
44,4,"yes","conditional",8,-14.9628738414614,-15.3676999750506,-0.404826133589136
49,4,"no","negation",8,-15.1415926244864,-14.806145221924,0.335447402562481
50,4,"no","negation",8,-8.10007398448228,-7.71997859753952,0.380095386942765
51,4,"no","negation",8,-16.2343192140391,-16.3201497055202,-0.0858304914810581
58,4,"no","negation",9,-14.7162685682489,-14.4351404944597,0.281128073789265
64,4,"no","negation",9,-17.113103291714,-16.7577143204984,0.35538897121555
65,4,"yes","conditional",8,-11.7175178603849,-11.349353980131,0.368163880253846
68,4,"yes","negation",10,-15.0412146867295,-14.6028540938984,0.438360592831064
69,4,"yes","negation",8,-5.7210889214231,-6.0602981127613,-0.339209191338199
79,4,"no","negation",8,-8.85873981338872,-10.259053176519,-1.40031336313023
83,4,"no","negation",8,-14.80831084329,-15.3763879597517,-0.568077116461792
89,4,"no","negation",9,-18.9276188798965,-19.1471373315977,-0.219518451701209
91,4,"no","negation",9,-16.8344931122844,-16.6987975569272,0.135695555357259
94,4,"yes","negation",8,-6.22882741597772,-7.39163991612077,-1.16281250014305
95,4,"no","conditional",8,-13.3966129975872,-13.699978697286,-0.303365699698853
96,4,"yes","negation",8,-14.551099873279,-14.7164709519213,-0.165371078642382
99,4,"yes","negation",9,-15.4040229221326,-15.6176222943121,-0.213599372179495
100,4,"yes","negation",8,-13.3257323068613,-13.7216672912616,-0.395934984400208
108,4,"yes","negation",8,-11.5889786590611,-12.3591093249809,-0.770130665919783
123,4,"yes","negation",9,-18.6345570924753,-18.449068721715,0.185488370760332
124,4,"yes","negation",8,-7.74532759930187,-8.35321115920992,-0.607883559908049
129,4,"no","negation",8,-16.049314676382,-15.8662790493192,0.183035627062791
136,4,"no","negation",9,-16.6050057234475,-16.4924020488028,0.112603674644721
137,4,"no","negation",8,-9.17287816447152,-8.65469256985212,0.518185594619395
144,4,"yes","negation",8,-8.03277152150307,-8.13270008579866,-0.09992856429559
165,4,"yes","negation",8,-13.3716236932476,-13.6069507680612,-0.235327074813599
170,4,"yes","negation",8,-17.49916185691,-16.5653963042365,0.933765552673567
172,4,"no","negation",8,-13.8539979194665,-12.8631526076585,0.990845311808046
173,4,"no","negation",9,-14.8026033012454,-14.9931615631698,-0.190558261924357
180,4,"no","negation",8,-15.3317342691218,-14.9765169665494,0.355217302572397
186,4,"no","negation",9,-19.6553803149403,-19.9655203904633,-0.310140075523002
191,4,"no","negation",8,-16.2609889433024,-16.2215379710453,0.0394509722570895
203,4,"no","negation",8,-8.55790421240309,-10.0412839820623,-1.48337976965924
206,4,"no","negation",9,-8.95978062724255,-10.5431563109216,-1.58337568367903
207,4,"no","negation",8,-4.01054844661533,-6.62779523663443,-2.6172467900191
212,4,"no","negation",8,-15.4717643317665,-15.2037921760141,0.267972155752428
225,4,"no","negation",8,-12.2135077292058,-11.8714495781774,0.342058151028345
235,4,"no","negation",8,-17.618305246081,-17.7094672806755,-0.0911620345944897
237,4,"no","negation",8,-16.8131664221995,-17.2856286952208,-0.472462273021222
241,4,"no","negation",8,-14.6913049535204,-15.6385736855927,-0.947268732072267
249,4,"no","negation",12,-24.5624918544132,-24.4989017722856,0.0635900821275577
251,4,"no","negation",8,-18.8588381181506,-19.3922876391197,-0.533449520969096
253,4,"yes","negation",9,-13.025278479569,-13.3205298918802,-0.295251412311272
259,4,"no","question",9,-14.2388972313344,-14.1628052133129,0.0760920180215283
266,4,"yes","question",9,-12.0353144087043,-11.9620209253462,0.0732934833580892
271,4,"no","question",9,-13.9688517058699,-13.7827014520159,0.186150253853919
275,4,"no","question",8,-17.9259633053261,-17.7412232481375,0.184740057188581
277,4,"yes","question",8,-10.9440925278076,-11.578027319091,-0.633934791283382
288,4,"yes","question",8,-4.25549608159492,-3.32627287620428,0.929223205390637
289,4,"yes","question",8,-6.17596508054294,-5.30044309135002,0.875521989192915
291,4,"yes","question",8,-11.1376152794395,-12.0095754171539,-0.871960137714364
299,4,"no","question",9,-14.7826602130906,-14.3347906629019,0.447869550188702
312,4,"no","question",8,-15.7170661697043,-15.8758110674843,-0.158744897780027
315,4,"no","question",10,-16.1506543218493,-16.1096965639489,0.0409577579004647
319,4,"no","question",9,-13.2354109954497,-12.8982098856486,0.337201109801049
323,4,"no","question",8,-10.1283893066654,-10.0769674233706,0.0514218832948092
324,4,"yes","question",9,-15.7160227278816,-15.6503701185292,0.0656526093523446
325,4,"no","question",9,-15.1186107404356,-15.343972295761,-0.225361555325374
331,4,"no","question",8,-10.2544718227778,-11.2497182743444,-0.99524645156654
335,4,"no","question",9,-14.4312556072252,-14.2725837966928,0.158671810532438
338,4,"no","conditional",9,-10.1163818490735,-10.0367146100932,0.0796672389802886
343,4,"no","conditional",11,-17.0501552895657,-16.7062262597521,0.343929029813616
358,4,"no","conditional",8,-16.9171634006961,-17.0574085171991,-0.140245116503031
365,4,"no","conditional",9,-19.2919893508559,-19.5357040508865,-0.243714700030672
366,4,"no","conditional",8,-16.8489951692356,-16.7204351800523,0.128559989183234
367,4,"no","conditional",9,-11.5426211878368,-11.3315196003203,0.211101587516577
371,4,"no","conditional",9,-15.1329469554386,-15.0704162967285,0.0625306587101129
379,4,"no","conditional",8,-12.1441070392762,-11.6537721178263,0.490334921449886
385,4,"no","conditional",8,-13.2671860869876,-12.9964556369832,0.270730450004397
390,4,"no","conditional",8,-15.0135104507445,-14.2980186208622,0.715491829882346
394,4,"no","conditional",8,-11.1234043346766,-13.099980617071,-1.97657628239447
397,4,"no","modal",8,-12.759357400466,-12.4988028777357,0.260554522730267
400,4,"no","conditional",9,-12.4924700487982,-12.1160090723353,0.376460976462885
402,4,"no","modal",8,-11.135215569581,-11.435381365371,-0.300165795790063
403,4,"no","modal",10,-18.4597870079156,-18.3561424737377,0.103644534177882
410,4,"no","modal",8,-14.0470344264548,-14.3952314926745,-0.348197066219729
411,4,"yes","modal",8,-14.8104748385924,-14.7272044844889,0.0832703541034672
415,4,"yes","modal",8,-11.864218594138,-12.4012504767937,-0.537031882655702
426,4,"no","modal",8,-14.6271254677096,-15.8366735920792,-1.20954812436956
431,4,"yes","modal",9,-11.3533857030431,-10.6341899635589,0.719195739484272
440,4,"no","modal",8,-12.4060308686368,-12.0879970469662,0.318033821670561
444,4,"no","modal",8,-11.8679851730919,-11.5479750440569,0.320010129035017
450,4,"yes","modal",8,-9.7852228493569,-9.8104956581517,-0.0252728087948046
454,4,"yes","modal",9,-10.6311439052745,-10.0188051049721,0.612338800302393
459,4,"no","modal",10,-17.5608927325258,-17.2334475101916,0.327445222334205
464,4,"no","negation",8,-15.1646299522051,-15.0354756856591,0.12915426654604
465,4,"no","negation",9,-11.1755585788671,-10.8439026759777,0.331655902889395
466,4,"yes","negation",11,-18.7153090919035,-18.2837118691379,0.431597222765614
471,4,"yes","negation",8,-13.1477463705517,-12.7974595254214,0.350286845130324
477,4,"no","negation",10,-17.0343305597726,-16.9811289548602,0.0532016049124451
482,4,"yes","negation",8,-9.46683718151399,-9.58946466921835,-0.12262748770436
489,4,"no","negation",11,-12.5443544511374,-12.2116012975712,0.332753153566191
490,4,"no","negation",10,-12.4558040752747,-12.1397575338676,0.316046541407045
500,4,"no","negation",10,-13.842043317471,-13.6254597759572,0.216583541513831
502,4,"no","negation",9,-12.375266384913,-12.0663160390834,0.308950345829635
505,4,"no","negation",9,-14.4312313842004,-14.1617005353515,0.269530848848838
511,4,"no","negation",8,-15.0922136612362,-14.8849444773837,0.207269183852555
518,4,"yes","conditional",11,-16.2303219245872,-16.5783941318594,-0.348072207272249
526,4,"yes","negation",11,-19.6211505960275,-19.2483519453314,0.372798650696108
530,4,"no","negation",9,-9.87054121138042,-9.55249024260244,0.318050968777978
536,4,"yes","negation",8,-13.6840144844265,-13.628317946584,0.0556965378424756
537,4,"no","negation",12,-14.3488009107728,-14.0325751150237,0.316225795749061
541,4,"no","negation",10,-13.2681582041083,-12.9479782480703,0.320179956037942
542,4,"no","negation",10,-11.0761048249822,-10.7388376308125,0.337267194169605
545,4,"no","negation",11,-12.6126513709815,-12.3664632373159,0.246188133665671
546,4,"no","negation",8,-10.2483299380362,-9.95742413772504,0.29090580031118
547,4,"no","negation",8,-13.7882418265455,-13.6165380810378,0.171703745507676
568,4,"no","negation",11,-20.9532022485087,-20.8123214660287,0.140880782479989
582,4,"no","negation",8,-9.12304589739426,-8.86899190842593,0.254053988968332
586,4,"yes","negation",10,-19.1631758779312,-18.8751140174777,0.288061860453471
595,4,"no","negation",11,-18.1310181890658,-17.9586968213507,0.172321367715124
600,4,"no","negation",11,-23.277476031425,-24.8511560209679,-1.57367998954295
603,4,"no","negation",11,-12.8901429055122,-12.5353263177591,0.354816587753151
611,4,"no","negation",12,-23.2630368119432,-23.0570901713749,0.205946640568303
612,4,"yes","negation",10,-18.1094937633077,-18.6430752066559,-0.533581443348218
615,4,"yes","negation",8,-13.9387419009684,-13.638245855328,0.300496045640374
620,4,"no","negation",10,-18.4170281102424,-18.3376476430554,0.0793804671870078
626,4,"no","negation",8,-13.5058083521112,-13.4641382760943,0.0416700760169224
628,4,"no","negation",8,-8.92618606315819,-8.59910074603999,0.327085317118204
635,4,"no","negation",8,-12.7505407127429,-12.6485092739079,0.102031438835049
640,4,"no","negation",10,-19.570195830737,-19.2702620987091,0.299933732027863
642,4,"no","negation",8,-10.1795568488173,-9.88693332712185,0.292623521695452
644,4,"yes","negation",8,-15.1558531026469,-14.810077784974,0.345775317672889
649,4,"no","negation",8,-9.61571222933114,-9.29105588688559,0.324656342445545
655,4,"no","negation",11,-16.2540254389247,-16.0359818701855,0.218043568739205
660,4,"no","negation",10,-18.08715111241,-17.9013519307686,0.185799181641396
671,4,"no","negation",12,-14.3414682848087,-13.9211011034873,0.420367181321406
674,4,"no","negation",11,-19.6319642511314,-19.5181961792823,0.113768071849098
687,4,"yes","negation",9,-16.0395135229377,-15.775080011941,0.264433510996716
693,4,"no","negation",9,-11.2910960853703,-10.9821088946153,0.308987190755039
699,4,"no","negation",11,-20.7510834875317,-20.5218594105282,0.229224077003522
706,4,"yes","negation",12,-22.7751527574708,-22.7800366123536,-0.00488385488272058
714,4,"no","negation",8,-13.3807406427058,-13.9557311962224,-0.57499055351656
720,4,"no","negation",10,-17.0713231014268,-16.9707421524629,0.100580948963916
730,4,"no","negation",11,-17.2981845388702,-16.9837024755011,0.314482063369127
734,4,"no","negation",8,-9.93589454419327,-9.58562696650884,0.350267577684436
737,4,"no","negation",8,-12.1125153447672,-11.8825891583156,0.229926186451516
750,4,"no","negation",10,-21.3558584655197,-21.3502530543878,0.00560541113188862
753,4,"no","negation",8,-11.2628850872187,-11.0076272056448,0.255257881573975
767,4,"no","negation",10,-12.9837038867264,-12.7285968300078,0.255107056718627
773,4,"no","question",8,-12.7715580433544,-12.929636000394,-0.158077957039621
775,4,"no","question",11,-17.6171639737338,-17.9068206306045,-0.289656656870729
781,4,"yes","conditional",11,-19.2669214916806,-19.29637480685,-0.0294533151693948
784,4,"yes","question",8,-13.3600950149193,-13.0505621112835,0.309532903635839
790,4,"no","question",9,-15.1832763193348,-14.4580179952531,0.725258324081699
791,4,"no","question",9,-11.5891398262648,-11.1339917406937,0.455148085571059
795,4,"yes","question",11,-14.5038301457379,-14.5132408009011,-0.0094106551632418
805,4,"no","question",10,-17.0181005208172,-16.2703576505331,0.74774287028406
810,4,"no","question",8,-13.7519094568201,-13.2480251750543,0.503884281765806
825,4,"no","question",9,-13.1772698884616,-12.6804492322345,0.496820656227099
831,4,"no","question",10,-13.6302598610862,-13.0666728119428,0.563587049143379
836,4,"no","question",8,-11.9786714904344,-11.4676628422717,0.511008648162685
838,4,"no","question",10,-13.6981925077846,-13.1527603061949,0.545432201589716
847,4,"no","question",10,-20.180120015219,-19.3715021551336,0.808617860085402
848,4,"no","question",8,-10.42657283084,-9.95933613683245,0.467236694007521
857,4,"yes","negation",8,-14.5799517496871,-14.2175753552386,0.362376394448503
858,4,"no","negation",8,-8.77555761701735,-8.44796352489077,0.327594092126576
859,4,"no","negation",12,-17.753913676905,-17.4585356095765,0.295378067328517
860,4,"no","negation",8,-11.8332191289346,-11.5619865035897,0.271232625344977
861,4,"yes","conditional",8,-14.1535266867813,-14.4047254336508,-0.25119874686958
881,4,"no","negation",11,-18.3050322256194,-18.0847333161203,0.220298909499103
889,4,"no","negation",15,-24.3993865211891,-24.2245413210908,0.174845200098343
895,4,"no","modal",15,-24.8469133890986,-24.5948152192532,0.252098169845404
899,4,"no","negation",15,-23.5381663418306,-23.0955984717306,0.442567870100056
902,4,"yes","negation",15,-22.6286411921382,-22.7770305064064,-0.148389314268165
905,4,"no","modal",15,-24.6026159957547,-24.2780181465657,0.32459784918905
913,4,"no","negation",15,-24.5239937071106,-24.6687453614399,-0.14475165432928
920,4,"no","conditional",18,-25.3833105608894,-25.1859355448629,0.197375016026523
921,4,"no","modal",15,-27.4102852919163,-27.1665201027465,0.2437651891698
922,4,"no","negation",18,-34.1881540043282,-34.0164312462821,0.171722758046151
930,4,"no","negation",15,-28.389901001141,-28.2489839874083,0.140917013732675
933,4,"no","negation",15,-21.933243322863,-21.6706965770129,0.262546745850177
939,4,"no","negation",18,-35.3690411077529,-35.7578590980091,-0.3888179902562
948,4,"no","modal",18,-31.0149597115713,-30.7384474278756,0.276512283695716
949,4,"no","negation",15,-30.4589424605714,-30.1607603776819,0.298182082889483
952,4,"no","negation",15,-25.0286579785163,-24.8555709859672,0.173086992549017
953,4,"no","question",17,-24.3366858941314,-25.2451515841104,-0.908465689979007
958,4,"yes","negation",18,-19.256391858585,-20.0949430459004,-0.83855118731536
959,4,"no","negation",16,-27.3299406255647,-27.2648233464335,0.0651172791311652
964,4,"no","question",15,-31.1256344492886,-31.4861914650182,-0.360557015729576
966,4,"yes","negation",16,-26.5490347128126,-26.3884034435146,0.160631269298019
969,4,"no","conditional",15,-26.0572873933334,-25.8234724951956,0.233814898137798
974,4,"no","negation",17,-27.772800027089,-27.7891242627142,-0.016324235625131
975,4,"no","modal",16,-26.7565478399516,-26.6497335434457,0.106814296505917
976,4,"yes","negation",16,-30.5419325867866,-30.4477927348046,0.0941398519820069
3,5,"no","modal",9,-15.4965681873933,-15.0802453678556,0.416322819537719
10,5,"no","modal",8,-13.8120362128436,-13.7777221708178,0.0343140420257999
11,5,"no","modal",9,-13.8162517749288,-13.4506679288405,0.365583846088313
14,5,"no","modal",8,-12.9215743539636,-12.9338298850972,-0.0122555311335866
26,5,"no","modal",8,-16.5102939771162,-16.018724454442,0.491569522674151
32,5,"no","modal",9,-17.0474862353491,-16.5258870832641,0.521599152085052
34,5,"no","modal",8,-11.9890384027513,-13.5565196998445,-1.56748129709325
35,5,"no","modal",9,-15.3968220254308,-15.3058551241081,0.0909669013226431
41,5,"no","modal",9,-18.7360958958764,-18.1163586877998,0.619737208076646
52,5,"no","negation",9,-18.6477731124291,-19.4087982804002,-0.761025167971088
55,5,"no","negation",9,-9.41359357907389,-8.99779660732057,0.41579697175332
56,5,"no","negation",9,-18.625581956865,-20.0558227283425,-1.43024077147752
61,5,"no","negation",8,-15.278263310368,-16.3586046363949,-1.08034132602691
63,5,"no","negation",9,-10.9779914029569,-10.391924399438,0.586067003518927
67,5,"yes","conditional",8,-12.7783014134998,-12.7681234553075,0.0101779581923491
75,5,"no","negation",8,-11.2072432706626,-11.572546382968,-0.365303112305373
84,5,"no","negation",8,-12.7258347610689,-12.2232380668487,0.50259669422017
87,5,"no","negation",9,-19.0914845138117,-18.9679405848861,0.123543928925592
90,5,"no","negation",8,-13.2978918769955,-14.324177530768,-1.02628565377248
110,5,"yes","negation",9,-18.6123787787328,-18.3354552718638,0.276923506868989
114,5,"yes","negation",9,-12.8383674689551,-13.2101585363481,-0.371791067392994
119,5,"yes","negation",8,-18.4345242005778,-18.3925786070679,0.041945593509837
122,5,"yes","negation",8,-14.5375255406918,-14.4321888143571,0.105336726334759
125,5,"yes","negation",9,-19.5098592848921,-19.0764179152506,0.433441369641486
126,5,"no","negation",8,-15.3415614303129,-15.0231285150162,0.318432915296698
139,5,"yes","conditional",8,-11.737271413903,-11.3757613484065,0.361510065496503
142,5,"yes","negation",8,-8.8797485879257,-8.93159590136642,-0.0518473134407156
146,5,"yes","negation",9,-9.5589580383916,-9.69044135959572,-0.13148332120412
147,5,"yes","negation",8,-2.32181070196086,-3.1139290333505,-0.792118331389636
150,5,"yes","negation",8,-11.7154799732214,-11.7455324143645,-0.0300524411430878
154,5,"yes","negation",8,-11.2781427298793,-11.4481559959203,-0.170013266041023
160,5,"yes","negation",9,-16.1074842784889,-15.859682700618,0.247801577870826
162,5,"no","negation",8,-12.4655944890791,-11.8189629275629,0.646631561516202
175,5,"yes","conditional",9,-20.0661642570628,-21.3278540479206,-1.26168979085787
179,5,"no","negation",9,-17.3715700850475,-18.5348568515344,-1.16328676648691
181,5,"no","conditional",8,-8.15065811235976,-9.40640416859878,-1.25574605623902
182,5,"no","negation",8,-14.9169455448183,-14.5768763409785,0.340069203839821
184,5,"no","negation",9,-15.9911154596124,-15.3345494951378,0.656565964474636
193,5,"no","negation",8,-15.7456527855545,-15.7720026086135,-0.0263498230589931
195,5,"no","conditional",8,-14.4408661869017,-14.2921712697492,0.148694917152428
197,5,"no","negation",8,-16.5964389535522,-17.4367336014656,-0.840294647913332
199,5,"no","negation",8,-15.4494304505362,-15.3999971631066,0.0494332874295242
219,5,"no","negation",8,-13.3143427288395,-13.1201069964655,0.194235732373985
226,5,"no","negation",9,-18.6208727395707,-18.883345749841,-0.26247301027032
232,5,"no","negation",8,-16.2287863137652,-16.3520889696069,-0.123302655841684
236,5,"no","negation",8,-15.7704713743261,-15.7375944492787,0.0328769250474465
239,5,"no","negation",8,-15.9929753380922,-15.9563978260331,0.0365775120590861
240,5,"no","negation",8,-6.22500988948751,-6.00202141286534,0.222988476622172
247,5,"no","negation",8,-14.0048051770175,-13.8437281714622,0.161077005555372
261,5,"no","question",9,-15.375796506874,-15.5123436652753,-0.136547158401299
274,5,"no","question",9,-16.4945423973235,-17.3626826945888,-0.868140297265352
279,5,"yes","question",9,-13.890797081996,-13.3955383757442,0.495258706251825
283,5,"yes","question",8,-10.8495871820424,-10.3704140782689,0.479173103773508
284,5,"yes","question",9,-11.6824028026088,-11.2570247535633,0.425378049045504
285,5,"yes","question",8,-7.25045082782301,-6.61029118621386,0.640159641609149
293,5,"yes","question",9,-10.5226144768981,-10.4554543733651,0.067160103533066
294,5,"yes","question",8,-4.70986327514523,-4.42680173720112,0.283061537944114
296,5,"no","question",9,-16.6339983431598,-16.1367310212882,0.497267321871632
309,5,"yes","question",8,-10.4609333685026,-10.1038033409902,0.357130027512333
317,5,"no","question",9,-12.7730271646436,-12.7793232605948,-0.00629609595119618
326,5,"no","question",8,-12.6943987471029,-12.9977067907686,-0.303308043665615
329,5,"no","question",9,-3.72540454595518,-3.32670895817852,0.398695587776653
330,5,"no","question",8,-12.4209098895947,-12.8073760511556,-0.386466161560882
337,5,"no","conditional",8,-11.7630421294131,-11.5161674451749,0.246874684238154
339,5,"no","conditional",9,-17.6984916605545,-17.5298214909405,0.168670169613996
341,5,"no","conditional",12,-18.6251805054531,-19.6051303402059,-0.979949834752794
346,5,"no","conditional",11,-22.8431318471859,-22.6434509143963,0.199680932789629
351,5,"no","conditional",10,-13.3781769826632,-13.0476350920623,0.330541890600911
355,5,"no","conditional",9,-16.4072186525071,-16.202082525186,0.205136127321115
364,5,"no","conditional",8,-12.4091647281746,-12.3074780367969,0.101686691377697
368,5,"no","conditional",9,-18.6579684874855,-19.0137695685868,-0.355801081101347
375,5,"no","conditional",13,-26.0393198813936,-26.8762306986759,-0.836910817282284
376,5,"no","conditional",10,-17.4053167526226,-16.8649957116993,0.540321040923267
378,5,"no","conditional",8,-13.3824312634138,-13.0711297881441,0.311301475269614
391,5,"no","conditional",8,-13.2674799682553,-12.3810621306922,0.886417837563076
392,5,"no","conditional",9,-13.3627630031229,-13.2261370153922,0.136625987730678
401,5,"no","conditional",8,-15.2060291308566,-14.902516862646,0.303512268210675
405,5,"no","modal",13,-20.1785666206064,-20.145373407822,0.0331932127844148
406,5,"no","modal",10,-18.1693107872608,-18.1100376834311,0.0592731038296463
409,5,"no","modal",8,-15.3067233022842,-14.7589672560201,0.547756046264071
416,5,"yes","modal",8,-6.21050774317755,-6.07330838169599,0.137199361481557
418,5,"no","modal",9,-15.35361612948,-15.8542764114347,-0.5006602819547
419,5,"no","modal",8,-10.0774805022793,-9.60989912265483,0.467581379624503
421,5,"no","modal",9,-13.6380983217706,-13.2148667493367,0.423231572433913
429,5,"yes","modal",9,-13.8711343611997,-13.4058381900175,0.465296171182258
430,5,"yes","modal",8,-14.6459816395027,-14.9103196518123,-0.264338012309622
442,5,"no","modal",8,-13.5518287129822,-13.0094074541888,0.542421258793391
443,5,"no","modal",8,-13.0024307587835,-12.5587403989594,0.443690359824139
455,5,"yes","conditional",8,-11.0608641984348,-11.0999523764885,-0.0390881780536798
472,5,"no","negation",8,-15.8095963867374,-15.5108844169208,0.298711969816596
479,5,"yes","negation",8,-13.3211909624735,-13.0737435008996,0.247447461573902
484,5,"no","negation",10,-20.5347574457075,-19.9159285216535,0.618828924054029
492,5,"yes","negation",12,-24.2557824346956,-23.7987433632292,0.457039071466411
499,5,"no","negation",8,-15.789299737492,-15.6259753620372,0.163324375454808
506,5,"yes","negation",10,-19.7379984390576,-19.456972899559,0.281025539498607
512,5,"no","negation",11,-23.1153707798677,-23.3858863196117,-0.270515539744018
513,5,"no","negation",9,-14.105197400961,-13.9505211782338,0.154676222727133
515,5,"yes","negation",12,-21.8960270442305,-21.8879357370956,0.00809130713498263
519,5,"no","negation",11,-15.0221795001197,-14.8229463583361,0.19923314178363
525,5,"no","negation",8,-8.9436424040803,-8.69177957417543,0.251862829904866
528,5,"no","negation",11,-12.8403111247933,-12.5420234264835,0.298287698309826
535,5,"no","negation",8,-9.82182434294957,-9.53734047561201,0.284483867337553
539,5,"no","negation",9,-18.7358110097775,-18.5181479032151,0.217663106562316
540,5,"no","negation",10,-13.4166140339896,-13.1186971074539,0.297916926535699
551,5,"no","negation",10,-12.86799524086,-12.6113255945192,0.256669646340804
556,5,"no","negation",8,-15.1141370699138,-14.8887010782862,0.22543599162754
558,5,"no","negation",9,-9.86478564148629,-9.5814022813899,0.283383360096384
571,5,"no","negation",12,-17.5886207065424,-17.3852692974423,0.203351409100112
581,5,"no","negation",9,-9.34645406997355,-9.05207693113571,0.294377138837842
587,5,"no","negation",10,-12.1639016749078,-11.9403374659495,0.223564208958342
591,5,"no","negation",12,-22.0341083085718,-21.4903753969706,0.543732911601246
594,5,"no","negation",11,-17.3053371654904,-17.059233742118,0.246103423372457
605,5,"no","negation",9,-13.646365669524,-13.4019016999082,0.244463969615778
606,5,"no","negation",9,-11.3007520595234,-11.0413022544093,0.259449805114125
608,5,"no","negation",10,-23.0359201982273,-23.5843344172035,-0.548414218976205
610,5,"no","negation",8,-9.22744605480156,-8.96397091758092,0.263475137220636
614,5,"yes","negation",8,-14.0736922561168,-13.7292611445442,0.344431111572561
617,5,"yes","negation",8,-11.2185137250464,-10.9081054936524,0.31040823139397
621,5,"no","negation",10,-11.7253539207921,-11.4340544161015,0.291299504690647
622,5,"no","negation",10,-14.3266600089812,-14.0630277059888,0.263632302992361
625,5,"yes","negation",10,-17.0137472697885,-16.6916752804085,0.322071989379964
627,5,"no","negation",11,-16.4827016874903,-16.3776729832397,0.105028704250529
629,5,"yes","negation",11,-20.9470825826057,-20.6232158432811,0.323866739324586
630,5,"no","negation",8,-8.7023957108484,-8.41975891728742,0.282636793560984
631,5,"yes","negation",12,-20.7507904068805,-20.8073188768039,-0.0565284699233679
633,5,"yes","negation",10,-17.5506866463623,-17.1685114223959,0.382175223966435
638,5,"yes","negation",12,-22.7094707437134,-22.6480980487953,0.0613726949180418
648,5,"no","negation",12,-23.1704186648393,-24.0616307596852,-0.891212094845958
652,5,"no","negation",9,-16.0339286603089,-15.9593207477178,0.0746079125910857
654,5,"yes","modal",9,-14.4928549693124,-14.5215818854713,-0.0287269161589325
656,5,"yes","negation",9,-21.3750851526414,-21.3888124701462,-0.0137273175048307
662,5,"no","negation",10,-14.5439517356308,-14.3462716698222,0.197680065808647
672,5,"no","negation",10,-17.1521402997087,-16.8569081135342,0.29523218617453
673,5,"no","negation",10,-11.9205705281203,-11.5867957567403,0.333774771379973
683,5,"no","negation",8,-12.0236993105927,-11.8216153252518,0.202083985340806
685,5,"no","negation",9,-20.0187974760091,-20.3994973659991,-0.380699889989909
695,5,"yes","negation",8,-18.464834012462,-18.0987958763252,0.366038136136794
697,5,"no","negation",8,-13.3986281316435,-13.1771905186445,0.221437612999001
698,5,"yes","modal",10,-18.4048979265191,-18.3238331034929,0.0810648230261819
701,5,"no","negation",11,-14.5098025240975,-14.3190942864165,0.190708237681088
703,5,"yes","negation",11,-21.3246806820293,-21.134232559812,0.190448122217283
707,5,"no","negation",8,-9.09819294914007,-8.86035431029119,0.23783863884888
727,5,"no","negation",12,-19.3169656144858,-19.1022140182212,0.214751596264559
728,5,"no","negation",8,-10.1541178602994,-9.93322724102442,0.22089061927502
741,5,"yes","negation",8,-16.5788448772937,-16.5252747139279,0.0535701633657908
745,5,"no","negation",9,-11.9107605024358,-11.6847880413262,0.225972461109555
747,5,"no","negation",9,-16.0408499054467,-15.2775660818456,0.763283823601128
749,5,"no","negation",10,-17.6445384489174,-17.4938571602921,0.150681288625304
752,5,"no","negation",9,-10.2842261182522,-9.96898113477922,0.315244983472962
754,5,"no","negation",9,-14.2887500276119,-13.993646523462,0.295103504149935
758,5,"no","negation",10,-20.0993024485674,-19.6564307830717,0.442871665495709
761,5,"no","negation",8,-16.2030100979615,-16.4506911179242,-0.247681019962648
771,5,"no","question",12,-22.6173028316939,-21.7810602474422,0.836242584251657
778,5,"no","question",8,-10.3163706889206,-9.83162775660524,0.484742932315386
779,5,"yes","question",8,-9.07197313864584,-9.03714490267725,0.0348282359685896
793,5,"no","question",8,-11.9342643370445,-11.4172656444097,0.516998692634717
797,5,"no","question",11,-17.8918740256048,-17.7917656265827,0.100108399022112
807,5,"no","question",10,-15.4250299842337,-14.8676639007061,0.55736608352762
815,5,"no","question",11,-15.7641871787532,-15.1950783593662,0.569108819387022
818,5,"no","question",8,-12.1219866228843,-11.7731127865415,0.348873836342715
822,5,"no","question",8,-15.0570759164674,-14.4903258287424,0.56675008772503
823,5,"no","question",9,-14.8930398061447,-14.862335368094,0.0307044380507033
824,5,"no","question",9,-12.866507181388,-12.3262754941809,0.540231687207081
826,5,"no","question",12,-20.2298656338691,-20.2569911119572,-0.0271254780880561
827,5,"no","question",11,-18.7247169731724,-18.1474836683186,0.577233304853841
828,5,"no","question",9,-11.4415293332382,-10.9802997641732,0.461229569065086
835,5,"no","question",8,-12.0227731220623,-11.5099661808736,0.512806941188652
840,5,"no","question",10,-14.5893998664178,-14.1351499697026,0.454249896715256
852,5,"no","negation",11,-25.4587789403015,-25.9688803576033,-0.510101417301801
862,5,"no","negation",11,-15.5549475315765,-15.3530904367717,0.201857094804733
863,5,"yes","negation",8,-12.9975169955999,-12.6823241157129,0.315192879887054
867,5,"no","negation",8,-14.7983307120093,-14.6928409347592,0.105489777250076
871,5,"no","negation",12,-16.6865832551638,-16.5312794837883,0.155303771375529
872,5,"yes","conditional",10,-15.8371669135726,-15.7842702593712,0.0528966542014686
874,5,"yes","negation",12,-23.5453818693094,-23.3727071008365,0.172674768472898
884,5,"no","negation",17,-29.0978591799939,-29.2640084649436,-0.166149284949732
888,5,"no","modal",15,-25.1135963171972,-24.7206411389066,0.392955178290645
891,5,"no","negation",15,-27.023164696506,-26.6997850388713,0.32337965763471
896,5,"no","modal",15,-27.0898255241044,-26.8730668794425,0.216758644661876
910,5,"no","question",15,-29.6646073214634,-30.0626026003421,-0.397995278878721
911,5,"no","negation",15,-20.3958888278064,-19.889370441511,0.506518386295436
915,5,"no","question",15,-32.9767631598665,-32.3482274359182,0.628535723948247
918,5,"no","negation",18,-32.0526882285052,-31.9805187386952,0.0721694898100509
925,5,"no","negation",15,-25.4523101197375,-25.7040779651672,-0.251767845429693
936,5,"no","negation",15,-21.6888067071975,-21.2216894845691,0.467117222628353
941,5,"no","negation",16,-26.1592487942194,-25.8405950656189,0.318653728600417
946,5,"no","negation",16,-27.2088118247093,-27.276785426614,-0.0679736019046686
951,5,"no","conditional",16,-25.1770050874988,-24.5420425144406,0.634962573058232
957,5,"no","negation",15,-32.1069170812728,-32.1335533718088,-0.0266362905360253
961,5,"no","negation",15,-27.5186679812515,-27.5479101693728,-0.0292421881212839
963,5,"yes","negation",16,-16.9993299671918,-16.9515755426771,0.0477544245146966
970,5,"no","modal",15,-26.3459819945555,-26.1861584493941,0.159823545161405
971,5,"no","question",15,-23.7217403451119,-23.2795081319456,0.442232213166307
981,5,"no","negation",15,-27.6665919533273,-27.3363556894178,0.330236263909452
