"lemma","gender","syllable_count","syllable_class","ends_in_sibilant","es_attested","s_attested"
"Absaufen","NEUT",2,"polysyllabic","False",FALSE,TRUE
"Abzocker","MASC",3,"polysyllabic","False",FALSE,TRUE
"Aerogel","NEUT",3,"polysyllabic","False",FALSE,TRUE
"Amerikanisch","NEUT",5,"polysyllabic","True",FALSE,TRUE
"Ankreiden","NEUT",2,"polysyllabic","False",FALSE,TRUE
"Anstarren","NEUT",3,"polysyllabic","False",FALSE,TRUE
"Anvisieren","NEUT",3,"polysyllabic","False",FALSE,TRUE
"Applaudieren","NEUT",2,"polysyllabic","False",FALSE,TRUE
"Aufbringen","NEUT",2,"polysyllabic","False",FALSE,TRUE
"Aufmerksamkeitsdefizitsyndrom","NEUT",7,"polysyllabic","False",TRUE,TRUE
"Aufrührer","MASC",2,"polysyllabic","False",FALSE,TRUE
"Auftraggeber","MASC",3,"polysyllabic","False",FALSE,TRUE
"Auftreten","NEUT",2,"polysyllabic","False",FALSE,TRUE
"Befehl","MASC",2,"polysyllabic","False",TRUE,TRUE
"Bierglas","NEUT",1,"monosyllabic","True",TRUE,FALSE
"Blick","MASC",1,"monosyllabic","False",TRUE,TRUE
"Bulimiker","MASC",4,"polysyllabic","False",FALSE,TRUE
"Chipsatz","MASC",2,"polysyllabic","True",TRUE,FALSE
"Darm","MASC",1,"monosyllabic","False",TRUE,TRUE
"Dekorierer","MASC",3,"polysyllabic","False",FALSE,TRUE
"Delirium","NEUT",3,"polysyllabic","False",FALSE,TRUE
"Dez","MASC",1,"monosyllabic","True",TRUE,FALSE
"Dolch","MASC",1,"monosyllabic","False",TRUE,TRUE
"Donnerstag","MASC",3,"polysyllabic","False",TRUE,TRUE
"Drehmoment","NEUT",3,"polysyllabic","False",TRUE,TRUE
"Drittel","NEUT",2,"polysyllabic","False",FALSE,TRUE
"Dummkopf","MASC",2,"polysyllabic","False",TRUE,TRUE
"Eierlöffel","MASC",3,"polysyllabic","False",FALSE,TRUE
"Eintritt","MASC",1,"monosyllabic","False",TRUE,TRUE
"Erdball","MASC",2,"polysyllabic","False",TRUE,TRUE
"Erschüttern","NEUT",3,"polysyllabic","False",FALSE,TRUE
"Ferkel","NEUT",2,"polysyllabic","False",FALSE,TRUE
"Fichtenspargel","MASC",4,"polysyllabic","False",FALSE,TRUE
"Figürchen","NEUT",3,"polysyllabic","False",FALSE,TRUE
"Fließtext","MASC",1,"monosyllabic","False",TRUE,FALSE
"Frauenhasser","MASC",3,"polysyllabic","False",FALSE,TRUE
"Galaxiensuperhaufen","MASC",5,"polysyllabic","False",FALSE,TRUE
"Geleit","NEUT",1,"monosyllabic","False",TRUE,TRUE
"Gerüst","NEUT",2,"polysyllabic","False",TRUE,TRUE
"Glücksbringer","MASC",3,"polysyllabic","False",FALSE,TRUE
"Grünschenkel","MASC",3,"polysyllabic","False",FALSE,TRUE
"Hammerhai","MASC",3,"polysyllabic","False",TRUE,TRUE
"Handschlag","MASC",2,"polysyllabic","False",TRUE,TRUE
"Hausmann","MASC",1,"monosyllabic","False",TRUE,TRUE
"Heringsfischer","MASC",4,"polysyllabic","False",FALSE,TRUE
"Hinterkopf","MASC",3,"polysyllabic","False",TRUE,TRUE
"Hochsommer","MASC",3,"polysyllabic","False",FALSE,TRUE
"Hochstufen","NEUT",3,"polysyllabic","False",FALSE,TRUE
"Jagdhund","MASC",2,"polysyllabic","False",TRUE,TRUE
"Justizirrtum","MASC",4,"polysyllabic","False",FALSE,TRUE
"Karat","NEUT",2,"polysyllabic","False",TRUE,TRUE
"Karpaltunnel","MASC",4,"polysyllabic","False",FALSE,TRUE
"Käsehobel","MASC",4,"polysyllabic","False",FALSE,TRUE
"Käsemacher","MASC",4,"polysyllabic","False",FALSE,TRUE
"Knochen","MASC",2,"polysyllabic","False",FALSE,TRUE
"Knofel","MASC",2,"polysyllabic","False",FALSE,TRUE
"Kreisbogen","MASC",2,"polysyllabic","False",FALSE,TRUE
"Künstler","MASC",2,"polysyllabic","False",FALSE,TRUE
"Künstlerroman","MASC",4,"polysyllabic","False",FALSE,TRUE
"Lautwandel","MASC",2,"polysyllabic","False",FALSE,TRUE
"Lenkrad","NEUT",2,"polysyllabic","False",TRUE,TRUE
"Löss","MASC",1,"monosyllabic","True",TRUE,FALSE
"Lüfter","MASC",2,"polysyllabic","False",FALSE,TRUE
"Mopp","MASC",1,"monosyllabic","False",FALSE,TRUE
"Nachäffer","MASC",3,"polysyllabic","False",FALSE,TRUE
"Nachschlag","MASC",2,"polysyllabic","False",TRUE,TRUE
"Oberhaus","NEUT",2,"polysyllabic","True",TRUE,FALSE
"Optiker","MASC",3,"polysyllabic","False",FALSE,TRUE
"Palstek","MASC",2,"polysyllabic","False",FALSE,TRUE
"Parder","MASC",2,"polysyllabic","False",FALSE,TRUE
"Pelzmantel","MASC",3,"polysyllabic","False",FALSE,TRUE
"Phloëm","NEUT",1,"monosyllabic","False",FALSE,TRUE
"Phosphin","NEUT",2,"polysyllabic","False",FALSE,TRUE
"Plastedeckel","MASC",4,"polysyllabic","False",FALSE,TRUE
"Raum","MASC",0,"polysyllabic","False",TRUE,TRUE
"Regolith","MASC",3,"polysyllabic","False",FALSE,TRUE
"Rucksack","MASC",2,"polysyllabic","False",TRUE,TRUE
"Rundell","NEUT",2,"polysyllabic","False",FALSE,TRUE
"Sandsack","MASC",2,"polysyllabic","False",TRUE,TRUE
"Saugroboter","MASC",3,"polysyllabic","False",FALSE,TRUE
"Schattendasein","NEUT",3,"polysyllabic","False",FALSE,TRUE
"Schiffsunglück","NEUT",3,"polysyllabic","False",TRUE,TRUE
"Schlaginstrument","NEUT",4,"polysyllabic","False",TRUE,TRUE
"Schlaraffenland","NEUT",4,"polysyllabic","False",TRUE,TRUE
"Schneeball","MASC",2,"polysyllabic","False",TRUE,TRUE
"Schneeräumer","MASC",2,"polysyllabic","False",FALSE,TRUE
"Schwanengesang","MASC",4,"polysyllabic","False",TRUE,TRUE
"Seher","MASC",2,"polysyllabic","False",FALSE,TRUE
"Sekretariat","NEUT",4,"polysyllabic","False",TRUE,TRUE
"Sesselfurzer","MASC",4,"polysyllabic","False",FALSE,TRUE
"Sonnenlicht","NEUT",3,"polysyllabic","False",TRUE,TRUE
"Spiegelbildchen","NEUT",3,"polysyllabic","False",FALSE,TRUE
"Spott","MASC",1,"monosyllabic","False",TRUE,FALSE
"Stadtrandgebiet","NEUT",3,"polysyllabic","False",TRUE,TRUE
"Stirnrunzeln","NEUT",3,"polysyllabic","False",FALSE,TRUE
"Stoffmengenanteil","MASC",4,"polysyllabic","False",TRUE,TRUE
"Strauß","MASC",0,"polysyllabic","True",TRUE,FALSE
"Tablett","NEUT",2,"polysyllabic","False",TRUE,TRUE
"Täubchen","NEUT",1,"monosyllabic","False",FALSE,TRUE
"Teigling","MASC",1,"monosyllabic","False",FALSE,TRUE
"Türmlein","NEUT",1,"monosyllabic","False",FALSE,TRUE
"Türrahmen","MASC",3,"polysyllabic","False",FALSE,TRUE
"Twen","MASC",1,"monosyllabic","False",FALSE,TRUE
"Umleiten","NEUT",2,"polysyllabic","False",FALSE,TRUE
"Unikat","NEUT",3,"polysyllabic","False",TRUE,TRUE
"Unterhaus","NEUT",2,"polysyllabic","True",TRUE,FALSE
"Untersatz","MASC",3,"polysyllabic","True",TRUE,FALSE
"Unwohlsein","NEUT",2,"polysyllabic","False",FALSE,TRUE
"Vatertag","MASC",3,"polysyllabic","False",TRUE,TRUE
"Verhelfen","NEUT",3,"polysyllabic","False",FALSE,TRUE
"Verkehr","MASC",2,"polysyllabic","False",TRUE,TRUE
"Verkehrsverbund","MASC",4,"polysyllabic","False",TRUE,TRUE
"Verknittern","NEUT",3,"polysyllabic","False",FALSE,TRUE
"Verkündigen","NEUT",4,"polysyllabic","False",FALSE,TRUE
"Versechsfacher","MASC",4,"polysyllabic","False",FALSE,TRUE
"Verwaltungsakt","MASC",4,"polysyllabic","False",TRUE,TRUE
"Verzaubern","NEUT",2,"polysyllabic","False",FALSE,TRUE
"Vizeadmiral","MASC",4,"polysyllabic","False",FALSE,TRUE
"Vollkerf","MASC",2,"polysyllabic","False",TRUE,TRUE
"Zahn","MASC",1,"monosyllabic","False",TRUE,TRUE
